Enemy Type,Area,Level,HP,Coins,Run,Fright,Air Lift,Hurricane/Spook,Up & Away,Power Bounce,Spin Smash,Normal,Unk1,Unk1_turns,Sleep,Sleep_turns,Poison,Poison_turns,Frozen,Frozen_turns,Dizzy,Dizzy_turns,Unk2,Unk2_turns,Electric,Electric_turns,Paralyze,Paralyze_turns,Shrink,Shrink_turns,Stop,Stop_turns,Neut,Fire,Water,Ice,?,Magic,Jump,Ham.,Star,Blast,Elec,Quake,Throw
Goomba,0,5,2,1,90,100,100,90,95,100,0,0,0,3,100,3,100,3,100,3,100,3,100,3,100,3,100,3,100,3,100,3,0,--,--,--,--,--,--,--,--,--,--,--,--
Paragoomba,0,6,2,1,90,100,100,100,95,100,0,0,0,3,100,3,100,3,100,3,100,3,100,3,100,3,100,3,100,3,100,3,0,--,--,--,--,--,--,--,--,--,--,--,--
Paragoomba,0,6,2,1,90,100,100,100,95,100,0,0,0,3,100,3,80,3,100,3,100,4,80,3,80,3,100,3,100,3,100,3,0,--,--,--,--,--,--,--,--,--,--,--,--
SpikedGoomba,0,6,2,1,90,100,95,90,95,100,0,0,0,3,100,3,80,3,100,3,100,3,80,3,80,3,100,3,100,3,100,3,0,--,--,--,--,--,--,--,--,--,--,--,--
BlueGoomba1,1,20,6,0,0,0,0,0,0,80,0,0,0,3,100,3,0,3,0,3,100,3,0,3,0,3,100,3,100,3,100,3,0,--,--,--,--,--,--,--,--,--,--,--,--
BlueGoomba2,1,20,6,0,0,0,0,0,0,80,0,0,0,3,100,3,0,3,0,3,100,3,0,3,0,3,100,3,100,3,100,3,0,--,--,--,--,--,--,--,--,--,--,--,--
GoombaKing,1,49,10,0,0,0,0,0,0,80,4,0,0,3,100,2,0,3,0,3,100,2,0,3,0,2,100,2,100,2,100,2,0,--,--,--,--,--,--,--,--,--,--,--,--
GoomnutTree,1,1,-1,0,0,0,0,0,0,0,4,0,0,3,0,3,0,3,0,3,0,3,0,3,0,3,0,3,0,3,0,3,0,--,--,--,--,--,--,0,--,--,--,--,--
RedGoomba1,1,20,7,0,0,0,0,0,0,80,0,0,0,3,100,3,0,3,0,3,100,3,0,3,0,3,100,3,100,3,100,3,0,--,--,--,--,--,--,--,--,--,--,--,--
RedGoomba2,1,20,7,0,0,0,0,0,0,80,0,0,0,3,100,3,0,3,0,3,100,3,0,3,0,3,100,3,100,3,100,3,0,--,--,--,--,--,--,--,--,--,--,--,--
JrTroopa1,2,41,5,0,0,0,0,0,0,80,0,100,100,3,100,2,0,3,0,3,50,2,0,3,0,3,100,2,100,2,100,1,0,--,--,--,--,--,--,--,--,--,--,--,--
JrTroopa2,2,44,15,0,0,0,0,0,0,80,0,100,100,3,80,2,0,3,0,3,50,2,0,3,0,3,100,2,100,2,100,1,1,--,--,--,--,--,--,--,--,--,--,--,--
JrTroopa3,2,52,40,0,0,0,0,0,0,80,0,100,100,3,50,2,0,3,0,3,50,2,0,3,0,3,50,2,80,2,80,1,1,--,--,--,--,--,--,--,--,--,--,--,--
JrTroopa4,2,59,40,0,0,0,0,0,0,75,0,100,100,3,40,2,0,3,0,3,90,3,0,3,0,3,45,2,60,2,70,1,1,--,--,--,--,--,--,--,--,--,--,--,--
JrTroopa5,2,65,50,0,0,0,0,0,0,75,0,100,100,3,35,1,0,3,0,3,45,2,0,3,0,3,45,2,60,2,60,1,1,--,--,--,--,--,--,--,--,--,--,--,--
JrTroopa6,2,74,60,0,0,0,0,0,0,70,0,100,100,3,30,1,0,3,0,3,40,1,0,3,0,3,40,2,60,2,60,1,2,--,--,--,--,--,--,--,--,--,--,--,--
JrTroopa6,2,74,60,0,0,0,0,0,0,70,0,100,100,3,30,1,0,3,0,3,90,2,0,3,0,3,40,2,50,2,50,1,2,--,--,--,--,--,--,--,--,--,--,--,--
JrTroopa6,2,74,60,0,0,0,0,0,0,70,0,100,100,3,30,1,0,3,0,3,40,1,0,3,0,3,40,2,50,2,50,1,2,--,--,--,--,--,--,--,--,--,--,--,--
ParagoombaA,2,6,2,1,90,100,100,100,95,100,0,0,0,3,100,3,100,3,100,3,100,3,100,3,100,3,100,3,100,3,100,3,0,--,--,--,--,--,--,--,--,--,--,--,--
ParagoombaA,2,6,2,1,90,100,100,100,95,100,0,0,0,3,100,3,80,3,100,3,100,4,80,3,80,3,100,3,100,3,100,3,0,--,--,--,--,--,--,--,--,--,--,--,--
ParagoombaB,2,6,2,1,90,100,100,100,95,100,0,0,0,3,100,3,100,3,100,3,100,3,100,3,100,3,100,3,100,3,100,3,0,--,--,--,--,--,--,--,--,--,--,--,--
ParagoombaB,2,6,2,1,90,100,100,100,95,100,0,0,0,3,100,3,80,3,100,3,100,4,80,3,80,3,100,3,100,3,100,3,0,--,--,--,--,--,--,--,--,--,--,--,--
SpikedGoomba,2,6,2,1,90,100,95,90,95,100,0,0,0,3,100,3,80,3,100,3,100,3,80,3,80,3,100,3,100,3,100,3,0,--,--,--,--,--,--,--,--,--,--,--,--
Chan,3,0,15,0,100,0,0,0,0,100,0,0,0,3,30,3,0,3,0,3,50,3,0,3,50,3,50,3,50,3,100,3,2,99,--,--,--,--,--,--,--,99,--,--,--
Chan,3,0,15,0,100,0,0,0,0,100,0,--,--,--,--,--,--,--,--,--,--,--,--,--,--,--,--,--,--,--,--,--,0,--,--,--,--,--,--,--,--,--,--,--,--
Lee,3,0,20,0,100,0,0,0,0,90,0,0,0,3,60,2,0,3,0,3,75,2,0,3,75,2,75,2,75,2,75,2,0,--,--,--,--,--,--,--,--,--,--,--,--
Lee,3,0,20,0,100,0,0,0,0,90,0,0,0,3,60,2,0,3,0,3,75,2,0,3,0,3,75,3,80,3,90,2,0,--,--,--,--,--,--,--,--,--,--,--,--
Lee,3,0,20,0,100,0,0,0,0,90,0,0,0,3,60,2,0,3,0,3,75,2,0,3,0,3,75,3,80,3,90,2,1,--,--,--,--,--,--,--,--,--,--,--,--
Lee,3,0,20,0,100,0,0,0,0,90,0,0,0,3,60,2,0,3,0,3,75,2,0,3,0,3,75,3,80,3,90,2,0,--,--,--,--,--,--,--,--,--,--,--,--
Lee,3,0,20,0,100,0,0,0,0,90,0,0,0,3,60,2,0,3,0,3,75,2,0,3,0,3,75,3,80,3,90,2,0,--,--,--,--,--,--,--,--,--,--,--,--
Lee,3,0,20,0,100,0,0,0,0,90,0,0,0,3,60,2,0,3,0,3,75,2,0,3,0,3,75,3,80,3,90,2,1,--,--,--,--,--,--,--,--,--,--,--,--
Lee,3,0,20,0,100,0,0,0,0,90,0,0,0,3,60,2,0,3,0,3,75,2,0,3,0,3,75,3,80,3,90,2,0,--,--,--,--,--,--,--,--,--,--,--,--
Lee,3,0,20,0,100,0,0,0,0,90,0,0,0,3,60,2,0,3,0,3,75,2,0,3,0,3,75,3,80,3,90,2,0,--,--,--,--,--,--,--,--,--,99,--,--
Lee,3,0,20,0,100,0,0,0,0,90,0,0,0,3,60,2,0,3,0,3,75,2,0,3,0,3,75,3,80,3,90,2,0,--,--,--,--,--,--,--,--,--,--,--,--
Lee,3,0,20,0,100,0,0,0,0,90,0,--,--,--,--,--,--,--,--,--,--,--,--,--,--,--,--,--,--,--,--,--,0,--,--,--,--,--,--,--,--,--,--,--,--
LeeBombette,3,0,20,0,100,0,0,0,0,90,0,0,0,3,60,2,0,3,0,3,75,2,0,3,0,3,75,3,80,3,90,2,0,--,--,--,--,--,--,--,--,--,--,--,--
LeeBow,3,0,20,0,100,0,0,0,0,90,0,0,0,3,60,2,0,3,0,3,75,2,0,3,0,3,75,3,80,3,90,2,0,--,--,--,--,--,--,--,--,--,--,--,--
LeeGoombario,3,0,20,0,100,0,0,0,0,90,0,0,0,3,60,2,0,3,0,3,75,2,0,3,0,3,75,3,80,3,90,2,0,--,--,--,--,--,--,--,--,--,--,--,--
LeeKooper,3,0,20,0,100,0,0,0,0,90,0,0,0,3,60,2,0,3,0,3,75,2,0,3,0,3,75,3,80,3,90,2,1,--,--,--,--,--,--,--,--,--,--,--,--
LeeKooper,3,0,20,0,100,0,0,0,0,90,0,--,--,--,--,--,--,--,--,--,--,--,--,--,--,--,--,--,--,--,--,--,0,--,--,--,--,--,--,--,--,--,--,--,--
LeeLakilester,3,0,20,0,100,0,0,0,0,90,0,0,0,3,60,2,0,3,0,3,75,2,0,3,0,3,75,3,80,3,90,2,0,--,--,--,--,--,--,--,--,--,--,--,--
LeeParakarry,3,0,20,0,100,0,0,0,0,90,0,0,0,3,60,2,0,3,0,3,75,2,0,3,0,3,75,3,80,3,90,2,1,--,--,--,--,--,--,--,--,--,--,--,--
LeeSushie,3,0,20,0,100,0,0,0,0,90,0,0,0,3,60,2,0,3,0,3,75,2,0,3,0,3,75,3,80,3,90,2,0,--,--,--,--,--,--,--,--,--,--,--,--
LeeWatt,3,0,20,0,100,0,0,0,0,90,0,0,0,3,60,2,0,3,0,3,75,2,0,3,0,3,75,3,80,3,90,2,0,--,--,--,--,--,--,--,--,--,99,--,--
TheMaster1,3,0,50,0,100,0,0,0,0,80,0,50,50,3,40,2,50,3,0,3,40,2,0,3,0,2,50,2,60,2,70,2,0,--,--,--,--,--,--,--,--,--,--,--,--
TheMaster2,3,0,75,0,100,0,0,0,0,75,0,50,50,3,30,1,50,3,0,3,30,2,0,3,0,2,30,2,40,2,50,2,0,--,--,--,--,--,--,--,--,--,--,--,--
TheMaster3,3,0,99,0,100,0,0,0,0,70,0,50,50,3,20,1,50,3,0,3,20,1,0,3,0,1,20,2,20,2,30,2,1,--,--,--,--,--,--,--,--,--,--,--,--
Ember,4,24,10,2,60,50,80,75,95,80,0,0,0,3,0,3,50,3,0,3,100,4,0,3,50,3,0,3,90,3,85,3,0,99,-2,-2,--,--,--,--,--,--,--,--,--
FlyingMagiclone,4,26,11,2,40,0,0,0,0,75,0,0,0,3,0,3,0,3,0,3,0,3,0,3,0,3,0,3,0,3,0,3,0,--,--,--,--,--,--,--,--,--,--,--,--
FlyingMagikoopa,4,26,11,2,40,0,0,0,0,75,0,0,0,3,100,3,50,3,0,3,50,3,0,3,50,3,100,3,100,3,100,3,0,--,--,--,--,--,--,--,--,--,--,--,--
FlyingMagikoopa,4,26,11,2,40,0,0,0,0,75,0,0,0,3,100,3,50,3,0,3,100,4,0,3,50,3,100,3,100,3,100,3,0,--,--,--,--,--,--,--,--,--,--,--,--
FlyingMagikoopa,4,26,11,2,40,0,0,0,0,75,0,0,0,3,0,3,0,3,0,3,0,3,0,3,0,3,0,3,0,3,0,3,0,--,--,--,--,--,--,--,--,--,--,--,--
FlyingMagikoopa,4,26,11,2,40,0,0,0,0,75,0,0,0,3,0,3,0,3,0,3,0,3,0,3,0,3,0,3,0,3,0,3,--,--,--,--,--,--,--,--,--,--,--,--,--
GoombarioTutor1,4,99,99,0,0,0,0,0,0,100,0,0,0,3,0,3,0,3,0,3,0,3,0,3,0,3,0,3,0,3,0,3,0,--,--,--,--,--,--,--,--,--,--,--,--
Magiclone,4,26,11,0,40,0,0,0,0,75,0,0,0,3,0,3,0,3,0,3,0,3,0,3,0,3,0,3,0,3,0,3,0,--,--,--,--,--,--,--,--,--,--,--,--
Magikoopa,4,32,8,0,0,0,0,0,0,100,0,0,0,3,100,3,50,3,0,3,50,3,0,3,50,3,100,3,100,3,100,3,0,--,--,--,--,--,--,--,--,--,--,--,--
Fuzzy,5,6,3,1,50,95,95,95,95,100,0,0,0,3,95,3,90,3,100,3,90,3,0,3,70,3,75,3,75,3,100,3,0,--,--,--,--,--,--,--,--,--,--,--,--
Goomba,5,5,2,1,90,100,100,90,95,100,0,0,0,3,100,3,100,3,100,3,100,3,100,3,100,3,100,3,100,3,100,3,0,--,--,--,--,--,--,--,--,--,--,--,--
KentCKoopa,5,55,70,0,0,0,0,0,0,70,0,0,0,3,80,4,0,3,0,3,30,2,0,3,0,3,30,2,40,2,50,1,6,--,--,--,--,--,--,--,--,6,--,--,--
KentCKoopa,5,55,70,0,0,0,0,0,0,70,0,--,--,--,--,--,--,--,--,--,--,--,--,--,--,--,--,--,--,--,--,--,3,--,--,--,--,--,--,--,--,--,--,--,--
KentCKoopa,5,55,70,0,0,0,0,0,0,70,0,--,--,--,--,--,--,--,--,--,--,--,--,--,--,--,--,--,--,--,--,--,0,--,--,--,--,--,--,--,--,--,--,--,--
KoopaTroopa,5,6,4,1,70,90,90,90,95,100,0,0,0,3,90,3,60,3,100,3,90,3,0,3,80,3,90,4,90,3,100,3,1,--,1,--,--,--,1,1,--,1,--,--,--
KoopaTroopa,5,6,4,1,70,90,90,90,95,100,0,--,--,--,--,--,--,--,--,--,--,--,--,--,--,--,--,--,--,--,--,--,0,--,--,--,--,--,--,--,--,--,--,--,--
Paragoomba,5,6,2,1,90,100,100,100,95,100,0,0,0,3,100,3,100,3,100,3,100,3,100,3,100,3,100,3,100,3,100,3,0,--,--,--,--,--,--,--,--,--,--,--,--
Paragoomba,5,6,2,1,90,100,100,100,95,100,0,0,0,3,100,3,80,3,100,3,100,4,80,3,80,3,100,3,100,3,100,3,0,--,--,--,--,--,--,--,--,--,--,--,--
Paratroopa,5,6,4,1,60,90,95,100,95,90,0,0,0,3,90,3,60,3,100,3,90,3,0,3,80,3,90,4,90,3,100,3,1,--,1,--,--,--,1,1,--,1,--,--,--
Paratroopa,5,6,4,1,60,90,95,100,95,90,0,0,0,3,90,3,60,3,100,3,90,4,0,3,80,3,90,4,90,3,100,3,1,--,--,--,--,--,--,--,--,--,--,--,--
Paratroopa,5,6,4,1,60,90,95,100,95,90,0,--,--,--,--,--,--,--,--,--,--,--,--,--,--,--,--,--,--,--,--,--,0,--,--,--,--,--,--,--,--,--,--,--,--
SpikedGoomba,5,6,2,1,90,100,95,90,95,100,0,0,0,3,100,3,80,3,100,3,100,3,80,3,80,3,100,3,100,3,100,3,0,--,--,--,--,--,--,--,--,--,--,--,--
BillBlaster,6,5,2,0,50,0,100,100,95,85,0,0,0,3,0,3,0,3,100,3,0,3,0,3,0,3,0,3,50,3,0,3,1,--,--,--,--,--,--,--,--,--,--,--,--
Bobomb,6,6,3,1,70,90,90,90,95,100,0,0,0,3,75,3,0,3,100,3,80,3,0,3,0,3,80,3,90,3,90,3,0,--,--,--,--,--,--,--,--,--,--,--,--
Bobomb,6,6,3,1,70,90,90,90,95,100,0,0,0,3,0,3,0,3,0,3,40,3,0,3,0,3,40,3,0,3,0,3,--,--,--,--,--,--,--,--,--,--,--,--,--
BulletBill,6,5,2,0,50,0,100,100,95,85,0,0,0,3,0,3,0,3,100,3,100,4,0,3,0,3,0,3,100,3,0,3,0,--,--,--,--,--,--,--,--,--,--,--,--
KoopaTroopa,6,6,4,1,70,90,90,90,95,100,0,0,0,3,90,3,60,3,100,3,90,3,0,3,80,3,90,4,90,3,100,3,1,--,1,--,--,--,1,1,--,1,--,--,--
KoopaTroopa,6,6,4,1,70,90,90,90,95,100,0,--,--,--,--,--,--,--,--,--,--,--,--,--,--,--,--,--,--,--,--,--,0,--,--,--,--,--,--,--,--,--,--,--,--
Paratroopa,6,6,4,1,60,90,95,100,95,90,0,0,0,3,90,3,60,3,100,3,90,3,0,3,80,3,90,4,90,3,100,3,1,--,1,--,--,--,1,1,--,1,--,--,--
Paratroopa,6,6,4,1,60,90,95,100,95,90,0,0,0,3,90,3,60,3,100,3,90,4,0,3,80,3,90,4,90,3,100,3,1,--,--,--,--,--,--,--,--,--,--,--,--
Paratroopa,6,6,4,1,60,90,95,100,95,90,0,--,--,--,--,--,--,--,--,--,--,--,--,--,--,--,--,--,--,--,--,--,0,--,--,--,--,--,--,--,--,--,--,--,--
BNinjakoopa,7,17,5,0,0,0,0,0,0,85,0,0,0,3,40,2,0,3,0,3,30,2,0,3,0,3,60,2,100,2,75,1,1,--,--,--,--,--,--,--,--,--,--,--,--
BNinjakoopa,7,17,5,0,0,0,0,0,0,85,0,--,--,--,--,--,--,--,--,--,--,--,--,--,--,--,--,--,--,--,--,--,0,--,--,--,--,--,--,--,--,--,--,--,--
FakeBowser,7,0,10,0,0,0,0,0,0,90,4,0,-1,3,0,3,0,3,0,3,0,3,0,3,0,3,0,3,0,3,0,3,1,--,--,--,--,--,--,--,--,1,--,--,--
FakeBowser,7,0,10,0,0,0,0,0,0,90,4,--,--,--,--,--,--,--,--,--,--,--,--,--,--,--,--,--,--,--,--,--,1,--,--,--,--,--,--,--,--,--,--,--,--
FakeBowser,7,0,10,0,0,0,0,0,0,90,4,--,--,--,--,--,--,--,--,--,--,--,--,--,--,--,--,--,--,--,--,--,1,--,--,--,--,--,--,--,--,--,--,--,--
FakeBowser,7,0,10,0,0,0,0,0,0,90,4,--,--,--,--,--,--,--,--,--,--,--,--,--,--,--,--,--,--,--,--,--,0,--,--,--,--,--,--,--,--,--,--,--,--
FakeBowser,7,0,10,0,0,0,0,0,0,90,4,--,--,--,--,--,--,--,--,--,--,--,--,--,--,--,--,--,--,--,--,--,1,--,--,--,--,--,--,--,--,--,--,--,--
FakeBowser,7,0,10,0,0,0,0,0,0,90,4,--,--,--,--,--,--,--,--,--,--,--,--,--,--,--,--,--,--,--,--,--,0,--,--,--,--,--,--,--,--,--,--,--,--
FakeBowser,7,0,10,0,0,0,0,0,0,90,4,--,--,--,--,--,--,--,--,--,--,--,--,--,--,--,--,--,--,--,--,--,1,--,--,--,--,--,--,--,--,--,--,--,--
FakeBowser,7,0,10,0,0,0,0,0,0,90,4,--,--,--,--,--,--,--,--,--,--,--,--,--,--,--,--,--,--,--,--,--,0,--,--,--,--,--,--,--,--,--,--,--,--
FakeBowser,7,0,10,0,0,0,0,0,0,90,4,--,--,--,--,--,--,--,--,--,--,--,--,--,--,--,--,--,--,--,--,--,1,--,--,--,--,--,--,--,--,--,--,--,--
FakeBowser,7,0,10,0,0,0,0,0,0,90,4,--,--,--,--,--,--,--,--,--,--,--,--,--,--,--,--,--,--,--,--,--,0,--,--,--,--,--,--,--,--,--,--,--,--
GNinjakoopa,7,16,5,0,0,0,0,0,0,85,0,0,0,3,70,2,0,3,0,3,45,2,0,3,0,3,75,2,100,2,75,1,1,--,--,--,--,--,--,--,--,--,--,--,--
GNinjakoopa,7,16,5,0,0,0,0,0,0,85,0,--,--,--,--,--,--,--,--,--,--,--,--,--,--,--,--,--,--,--,--,--,0,--,--,--,--,--,--,--,--,--,--,--,--
RNinjakoopa,7,17,5,0,0,0,0,0,0,85,0,0,0,3,30,2,0,3,0,3,60,2,0,3,0,3,60,2,100,2,75,1,1,--,--,--,--,--,--,--,--,--,--,--,--
RNinjakoopa,7,17,5,0,0,0,0,0,0,85,0,--,--,--,--,--,--,--,--,--,--,--,--,--,--,--,--,--,--,--,--,--,0,--,--,--,--,--,--,--,--,--,--,--,--
YNinjakoopa,7,16,5,0,0,0,0,0,0,85,0,0,0,3,60,2,0,3,0,3,75,2,0,3,0,3,75,2,100,2,75,1,1,--,--,--,--,--,--,--,--,--,--,--,--
YNinjakoopa,7,16,5,0,0,0,0,0,0,85,0,--,--,--,--,--,--,--,--,--,--,--,--,--,--,--,--,--,--,--,--,--,0,--,--,--,--,--,--,--,--,--,--,--,--
GoombarioTutor2,8,99,99,0,0,0,0,0,0,100,0,0,0,3,0,3,0,3,0,3,0,3,0,3,0,3,0,3,0,3,0,3,0,--,--,--,--,--,--,--,--,--,--,--,--
Buzzar,9,35,40,0,0,0,0,0,0,75,4,0,0,3,60,2,0,3,0,3,70,4,0,3,0,3,70,2,75,2,70,2,0,--,--,--,--,--,--,--,--,--,--,--,--
Cleft,9,10,2,2,80,40,40,40,95,95,0,0,0,3,40,2,50,3,100,3,50,2,0,3,50,3,50,3,75,3,90,3,2,99,--,--,--,0,--,--,--,--,--,--,--
Cleft,9,10,2,2,80,40,40,40,95,95,0,--,--,--,--,--,--,--,--,--,--,--,--,--,--,--,--,--,--,--,--,--,0,99,--,--,--,--,--,--,--,--,--,--,--
EmptyMoleHole,9,9,5,2,80,80,0,80,90,90,4,--,--,--,--,--,--,--,--,--,--,--,--,--,--,--,--,--,--,--,--,--,--,--,--,--,--,--,--,--,--,--,--,--,--
MontyMole,9,9,5,2,80,80,0,80,90,90,4,0,0,3,90,3,80,3,100,3,90,2,0,3,10,3,100,4,90,3,100,3,0,--,--,--,--,--,--,--,--,--,--,--,--
WhackaA,9,0,99,0,0,0,0,0,0,50,4,0,0,3,0,3,0,3,0,3,0,3,0,3,0,3,0,3,0,3,0,3,0,--,--,--,--,--,--,--,--,--,--,--,--
WhackaB,9,0,99,0,0,0,0,0,0,50,4,0,0,3,0,3,0,3,0,3,0,3,0,3,0,3,0,3,0,3,0,3,0,--,--,--,--,--,--,--,--,--,--,--,--
WhackaC,9,0,99,0,0,0,0,0,0,50,4,0,0,3,0,3,0,3,0,3,0,3,0,3,0,3,0,3,0,3,0,3,0,--,--,--,--,--,--,--,--,--,--,--,--
BanditA,10,9,5,1,40,90,90,90,95,80,0,0,0,3,70,3,20,3,100,3,90,3,50,3,30,3,100,4,90,3,100,3,0,--,--,--,--,--,--,--,--,--,--,--,--
BanditB,10,9,5,1,40,90,90,90,95,80,0,0,0,3,70,3,20,3,100,3,90,3,50,3,30,3,100,4,90,3,100,3,0,--,--,--,--,--,--,--,--,--,--,--,--
Pokey,10,9,4,1,70,70,90,85,95,100,0,0,0,3,90,3,0,3,0,3,90,3,0,3,0,3,100,3,90,3,100,3,0,--,--,--,--,--,--,--,--,--,--,--,--
BuzzyBeetle,11,10,3,1,60,75,75,75,95,90,0,0,0,3,90,3,50,3,0,3,75,3,0,3,50,3,75,3,90,3,90,3,2,99,--,--,--,--,--,--,--,99,--,--,--
BuzzyBeetle,11,10,3,1,60,75,75,75,95,90,0,--,--,--,--,--,--,--,--,--,--,--,--,--,--,--,--,--,--,--,--,--,0,--,--,--,--,--,--,--,--,--,--,--,--
PokeyMummy,11,10,4,1,60,60,90,85,95,95,0,0,0,3,80,3,0,3,0,3,90,3,0,3,0,3,100,3,90,3,90,3,0,--,--,--,--,--,--,--,--,--,--,--,--
StoneChomp,11,14,4,5,0,0,25,25,95,85,0,0,0,3,0,2,0,3,0,3,75,2,0,3,0,3,50,3,75,3,75,2,1,--,--,--,--,--,--,--,--,--,--,--,--
Swooper,11,10,4,1,50,90,100,95,95,80,0,0,0,3,80,3,60,3,0,3,100,4,0,3,80,3,90,4,90,3,90,3,0,--,--,--,--,--,--,--,--,--,--,--,--
Chomp,12,14,4,0,0,0,0,0,0,95,0,0,0,3,0,2,0,3,0,3,75,2,0,3,0,3,0,3,75,3,75,2,3,99,--,99,--,99,--,--,--,--,3,--,--
Tutankoopa,12,14,4,0,0,0,0,0,0,95,0,0,0,3,0,2,0,3,0,3,75,2,0,3,0,3,0,3,75,3,75,2,3,99,--,99,--,99,--,--,--,--,3,--,--
Tutankoopa,12,14,4,0,0,0,0,0,0,95,0,0,0,3,20,2,0,3,0,3,30,2,0,3,0,3,30,2,60,2,40,1,0,--,--,--,--,--,--,--,--,--,--,--,--
Bzzap,13,19,3,1,40,70,95,95,95,90,0,0,0,3,60,3,50,3,0,3,100,4,0,3,0,3,90,3,75,3,90,3,0,--,--,--,--,--,--,--,--,--,--,--,--
ForestFuzzy,13,11,6,1,40,85,90,90,95,100,0,0,0,3,95,2,90,3,0,3,90,3,0,3,70,3,75,3,75,3,90,3,0,--,--,--,--,--,--,--,--,--,--,--,--
PiranhaPlant,13,11,5,1,70,40,20,20,95,90,0,0,0,3,95,4,0,3,0,3,50,3,0,3,0,3,100,3,80,3,90,3,0,--,--,--,--,--,--,--,--,--,--,--,--
HyperCleft,14,15,4,2,70,30,30,30,95,95,0,0,0,3,40,2,50,3,0,3,50,2,0,3,50,3,50,3,90,3,90,3,3,99,--,--,--,--,--,--,--,--,--,--,--
HyperCleft,14,15,4,2,70,30,30,30,95,95,0,--,--,--,--,--,--,--,--,--,--,--,--,--,--,--,--,--,--,--,--,--,1,99,--,--,--,--,--,--,--,--,--,--,--
HyperGoomba,14,12,7,1,60,80,90,90,95,100,0,0,0,3,80,3,100,3,0,3,80,3,100,3,100,3,100,3,80,3,90,3,0,--,--,--,--,--,--,--,--,--,--,--,--
HyperParagoomba,14,12,7,1,50,80,95,95,95,90,0,0,0,3,80,3,100,3,0,3,80,3,100,3,100,3,100,3,80,3,90,3,0,--,--,--,--,--,--,--,--,--,--,--,--
HyperParagoomba,14,12,7,1,50,80,95,95,95,90,0,0,0,3,80,3,80,3,0,3,90,4,0,3,80,3,100,3,80,3,90,3,0,--,--,--,--,--,--,--,--,--,--,--,--
TubbaBlubba,14,70,10,0,0,0,0,0,0,75,4,0,0,3,80,3,0,3,0,3,80,3,0,3,0,3,80,3,90,3,80,3,0,--,--,--,--,--,--,--,--,--,--,--,--
TubbasHeart,14,0,50,0,0,0,0,0,0,75,4,0,0,3,0,3,0,3,0,3,0,3,0,3,0,3,0,3,90,3,0,3,0,--,--,--,--,--,--,--,--,--,--,--,--
Clubba,15,13,8,1,60,70,60,70,95,80,0,0,0,3,90,4,50,3,0,3,75,3,100,3,50,3,90,4,75,3,90,2,0,--,--,--,--,--,--,--,--,--,--,--,--
TubbaBlubba,15,0,10,0,15,0,0,0,0,90,4,0,0,3,0,3,0,3,0,3,0,3,0,3,0,3,0,3,0,3,0,3,99,--,--,--,--,--,--,--,--,--,--,--,--
AntiGuy,16,42,50,0,50,0,0,0,0,75,0,0,0,3,50,2,0,3,0,3,50,2,0,3,0,3,60,3,50,2,50,1,0,--,--,--,--,--,--,--,--,--,--,--,--
GrooveGuy,16,15,7,2,50,70,85,80,95,80,0,0,0,3,70,3,50,3,0,3,50,2,100,3,50,3,90,4,75,3,80,3,0,--,--,--,--,--,--,--,--,--,0,--,--
MediGuy,16,14,7,2,60,70,90,95,95,90,0,0,0,3,70,3,50,3,0,3,90,4,100,3,50,3,90,4,75,3,90,3,0,--,--,--,--,--,--,--,--,--,0,--,--
PyroGuy,16,15,7,1,60,60,85,80,95,85,0,0,0,3,70,3,50,3,0,3,80,3,100,3,50,3,90,4,75,3,90,3,0,99,-2,-2,--,--,--,0,--,-1,0,--,--
ShyGuy_BLU,16,14,7,1,60,80,85,80,95,100,0,0,0,3,70,3,50,3,0,3,90,3,100,3,50,3,90,4,75,3,90,3,0,--,--,--,--,--,--,--,--,--,0,--,--
ShyGuy_GRN,16,14,7,1,60,80,85,80,95,100,0,0,0,3,70,3,50,3,0,3,90,3,100,3,50,3,90,4,75,3,90,3,0,--,--,--,--,--,--,--,--,--,0,--,--
ShyGuy_PNK,16,14,7,1,60,80,85,80,95,100,0,0,0,3,70,3,50,3,0,3,90,3,100,3,50,3,90,4,75,3,90,3,0,--,--,--,--,--,--,--,--,--,0,--,--
ShyGuy_RED,16,14,7,1,60,80,85,80,95,100,0,0,0,3,70,3,50,3,0,3,90,3,100,3,50,3,90,4,75,3,90,3,0,--,--,--,--,--,--,--,--,--,0,--,--
ShyGuy_YLW,16,14,7,1,60,80,85,80,95,100,0,0,0,3,70,3,50,3,0,3,90,3,100,3,50,3,90,4,75,3,90,3,0,--,--,--,--,--,--,--,--,--,0,--,--
SkyGuy,16,14,7,1,50,80,90,90,95,90,0,0,0,3,70,3,50,3,0,3,90,4,100,3,50,3,90,4,75,3,90,3,0,--,--,--,--,--,--,--,--,--,0,--,--
SkyGuy,16,14,7,1,50,80,90,90,95,90,0,--,--,--,--,--,--,--,--,--,--,--,--,--,--,--,--,--,--,--,--,--,0,--,--,--,--,--,--,--,--,--,0,--,--
SlotMachineStart,16,99,99,0,0,0,0,0,0,0,0,0,0,3,0,3,0,3,0,3,0,3,0,3,0,3,0,3,0,3,0,3,0,--,--,--,--,--,--,--,--,--,--,--,--
SlotMachineStop,16,99,99,0,0,0,0,0,0,0,0,0,0,3,0,3,0,3,0,3,0,3,0,3,0,3,0,3,0,3,0,3,0,--,--,--,--,--,--,--,--,--,--,--,--
SpyGuy,16,15,7,1,50,60,85,80,95,85,0,0,0,3,70,3,50,3,0,3,80,3,100,3,0,3,90,4,75,3,90,3,0,--,--,--,--,--,--,--,--,--,0,--,--
GeneralGuy,17,73,10,0,0,0,0,0,0,75,4,0,0,3,0,2,0,3,0,3,0,2,0,3,0,3,0,3,0,2,0,1,0,--,--,--,--,--,--,--,--,--,--,--,--
LightBulb,17,0,8,0,0,0,0,0,0,80,4,0,0,3,0,3,0,3,0,3,0,3,0,3,0,3,0,3,0,3,0,3,1,--,--,--,--,--,--,--,--,--,0,--,--
ToyTank,17,0,30,0,0,0,0,0,0,75,4,0,0,3,0,3,0,3,0,3,0,3,0,3,0,3,0,3,0,3,0,3,2,--,--,--,--,--,--,--,--,--,--,--,--
BigLanternGhost,18,42,40,0,0,0,0,0,0,75,4,0,0,3,40,2,0,3,0,3,50,2,0,3,0,3,60,2,0,3,60,1,0,--,--,--,--,--,--,--,--,--,--,--,--
BigLanternGhost,18,42,40,0,0,0,0,0,0,75,4,--,--,--,--,--,--,--,--,--,--,--,--,--,--,--,--,--,--,--,--,--,99,--,--,--,--,--,--,--,--,--,--,--,--
Clubba,18,13,8,1,60,70,60,70,95,80,0,0,0,3,90,4,50,3,0,3,75,3,100,3,50,3,90,4,75,3,90,2,0,--,--,--,--,--,--,--,--,--,--,--,--
Fuzzy,18,6,3,1,50,95,95,95,95,100,0,0,0,3,95,3,90,3,100,3,90,3,0,3,70,3,75,3,75,3,100,3,0,--,--,--,--,--,--,--,--,--,--,--,--
Goomba,18,5,2,1,90,100,100,90,95,100,0,0,0,3,100,3,100,3,100,3,100,3,100,3,100,3,100,3,100,3,100,3,0,--,--,--,--,--,--,--,--,--,--,--,--
HammerBros,18,27,12,2,30,40,75,60,95,80,0,0,0,3,50,2,60,3,0,3,70,2,0,3,80,3,70,3,70,3,80,1,1,--,--,--,--,--,--,--,--,--,--,--,--
Koopatrol,18,25,8,2,50,60,75,65,95,85,0,0,0,3,50,2,60,3,0,3,75,3,0,3,80,3,75,3,70,3,80,2,3,--,--,--,--,--,--,--,--,--,3,--,--
Koopatrol,18,25,8,2,50,60,75,65,95,85,0,0,0,3,0,3,0,3,--,--,0,3,0,3,0,3,0,3,0,3,0,3,0,--,--,--,--,--,--,--,--,--,--,--,--
Koopatrol,18,25,8,2,50,60,75,65,95,85,0,--,--,--,--,--,--,--,--,--,--,--,--,--,--,--,--,--,--,--,--,--,3,3,--,--,--,--,--,--,--,--,--,--,--
Pokey,18,9,4,1,70,70,90,85,95,100,0,0,0,3,90,3,0,3,0,3,90,3,0,3,0,3,100,3,90,3,100,3,0,--,--,--,--,--,--,--,--,--,--,--,--
ShyGuy,18,14,7,1,60,80,85,80,95,100,0,0,0,3,70,3,50,3,0,3,90,3,100,3,50,3,90,4,75,3,90,3,0,--,--,--,--,--,--,--,--,--,0,--,--
SlotMachineStart,18,99,99,0,0,0,0,0,0,0,0,0,0,3,0,3,0,3,0,3,0,3,0,3,0,3,0,3,0,3,0,3,0,--,--,--,--,--,--,--,--,--,--,--,--
SlotMachineStop,18,99,99,0,0,0,0,0,0,0,0,0,0,3,0,3,0,3,0,3,0,3,0,3,0,3,0,3,0,3,0,3,0,--,--,--,--,--,--,--,--,--,--,--,--
Fuzzipede,19,43,20,0,0,0,0,0,95,75,0,0,0,3,50,2,0,3,0,3,50,2,0,3,0,3,75,3,50,3,75,1,0,--,--,--,--,--,--,--,--,--,--,--,--
HurtPlant,20,16,8,1,70,70,20,20,95,95,0,0,0,3,95,4,50,3,0,3,50,2,0,3,50,3,90,3,75,3,90,3,0,0,--,--,--,--,--,--,--,--,--,--,--
JungleFuzzy,20,16,7,1,30,75,85,80,95,100,0,0,0,3,95,2,50,3,0,3,90,3,0,3,70,3,75,3,75,3,90,3,0,0,--,--,--,--,--,--,--,--,--,--,--
MBush,20,16,8,1,70,60,85,80,95,85,0,0,0,3,95,4,50,3,0,3,50,2,0,3,50,3,90,3,75,3,90,3,0,0,--,--,--,--,--,--,--,--,--,--,--
MediGuy,20,14,7,2,60,70,90,95,95,90,0,0,0,3,70,3,50,3,0,3,90,4,100,3,50,3,90,4,75,3,90,3,0,--,--,--,--,--,--,--,--,--,0,--,--
SpearGuy,20,16,7,2,50,70,85,80,95,85,0,0,0,3,70,3,50,3,0,3,90,3,100,3,50,3,90,4,75,3,80,3,0,0,--,--,--,--,--,--,--,--,--,--,--
SpearGuy,20,16,7,2,50,70,85,80,95,85,0,0,0,3,70,3,50,3,0,3,90,3,100,3,50,3,90,4,75,3,90,3,0,--,--,--,--,--,--,--,--,--,0,--,--
SpikeTop,20,17,4,1,60,60,70,65,95,90,0,0,0,3,60,2,50,3,0,3,75,4,0,3,50,3,75,3,75,3,90,3,4,99,--,--,--,--,--,--,--,99,--,--,--
SpikeTop,20,17,4,1,60,60,70,65,95,90,0,--,--,--,--,--,--,--,--,--,--,--,--,--,--,--,--,--,--,--,--,--,0,--,--,--,--,--,--,--,--,--,--,--,--
FlyingWMagikoopa,21,21,11,2,40,40,95,75,95,80,0,0,0,3,50,3,50,3,0,3,75,3,0,3,50,3,75,3,80,3,90,2,0,--,--,--,--,--,--,--,--,--,--,--,--
FlyingWMagikoopa,21,21,11,2,40,40,95,75,95,80,0,0,0,3,50,3,50,3,0,3,100,3,0,3,50,3,75,3,80,3,90,2,--,--,--,--,--,--,--,--,--,--,--,--,--
PutridPiranha,21,17,12,1,60,30,20,20,95,95,0,0,0,3,95,4,0,3,0,3,50,3,0,3,0,3,90,3,75,3,85,3,0,0,--,--,--,--,--,--,--,--,--,--,--
WMagikoopa,21,21,11,2,40,40,80,70,95,80,0,0,0,3,50,3,50,3,0,3,75,3,0,3,50,3,75,3,80,3,90,2,0,--,--,--,--,--,--,--,--,--,--,--,--
FlyingRMagikoopa,22,21,11,2,40,40,95,75,95,80,0,0,0,3,50,3,50,3,0,3,75,3,0,3,50,3,75,3,80,3,90,2,0,--,--,--,--,--,--,--,--,--,--,--,--
FlyingRMagikoopa,22,21,11,2,40,40,95,75,95,80,0,0,0,3,50,3,50,3,0,3,100,3,0,3,50,3,75,3,80,3,90,2,--,--,--,--,--,--,--,--,--,--,--,--,--
FlyingWMagikoopa,22,21,11,2,40,40,95,75,95,80,0,0,0,3,50,3,50,3,0,3,75,3,0,3,50,3,75,3,80,3,90,2,0,--,--,--,--,--,--,--,--,--,--,--,--
FlyingWMagikoopa,22,21,11,2,40,40,95,75,95,80,0,0,0,3,50,3,50,3,0,3,100,3,0,3,50,3,75,3,80,3,90,2,--,--,--,--,--,--,--,--,--,--,--,--,--
LavaBubble,22,17,9,1,50,50,90,85,95,80,0,0,0,3,50,2,50,3,0,3,100,4,100,3,50,3,50,3,75,3,85,3,0,99,-2,-2,--,--,--,--,--,-1,--,--,--
MediGuy,22,14,7,2,60,70,90,95,95,90,0,0,0,3,70,3,50,3,0,3,90,4,100,3,50,3,90,4,75,3,90,3,0,--,--,--,--,--,--,--,--,--,0,--,--
PutridPiranha,22,17,12,1,60,30,20,20,95,95,0,0,0,3,95,4,0,3,0,3,50,3,0,3,0,3,90,3,75,3,85,3,0,0,--,--,--,--,--,--,--,--,--,--,--
RMagikoopa,22,21,11,2,40,40,80,70,95,80,0,0,0,3,50,3,50,3,0,3,75,3,0,3,50,3,75,3,80,3,90,2,0,--,--,--,--,--,--,--,--,--,--,--,--
SpikeTop,22,17,4,1,60,60,70,65,95,90,0,0,0,3,60,2,50,3,0,3,75,4,0,3,50,3,75,3,75,3,90,3,4,99,--,--,--,--,--,--,--,99,--,--,--
SpikeTop,22,17,4,1,60,60,70,65,95,90,0,--,--,--,--,--,--,--,--,--,--,--,--,--,--,--,--,--,--,--,--,--,0,--,--,--,--,--,--,--,--,--,--,--,--
WMagikoopa,22,21,11,2,40,40,80,70,95,80,0,0,0,3,50,3,50,3,0,3,75,3,0,3,50,3,75,3,80,3,90,2,0,--,--,--,--,--,--,--,--,--,--,--,--
LavaBud,23,0,1,0,0,0,0,0,0,80,0,0,0,3,75,2,0,3,0,3,30,2,0,3,0,3,75,2,0,2,60,1,0,99,0,0,--,--,--,--,--,0,--,--,--
LavaBud,23,0,1,0,0,0,0,0,0,80,0,0,0,3,0,3,0,3,0,3,0,3,0,3,0,3,0,3,0,3,0,3,0,99,-2,-2,--,--,--,--,--,0,--,--,--
LavaBud,23,0,1,0,0,0,0,0,0,80,0,--,--,--,--,--,--,--,--,--,--,--,--,--,--,--,--,--,--,--,--,--,0,99,0,0,--,--,--,--,--,0,--,--,--
LavaBud,23,0,1,0,0,0,0,0,0,80,0,--,--,--,--,--,--,--,--,--,--,--,--,--,--,--,--,--,--,--,--,--,0,99,-2,-2,--,--,--,--,--,0,--,--,--
LavaPiranha,23,0,1,0,0,0,0,0,0,80,0,0,0,3,25,2,0,3,0,3,25,2,0,3,0,3,40,2,0,2,40,1,0,99,0,0,--,--,--,--,--,0,--,--,--
LavaPiranha,23,0,1,0,0,0,0,0,0,80,0,0,0,3,75,2,0,3,0,3,30,2,0,3,0,3,75,2,0,2,60,1,0,99,-2,-2,--,--,--,--,--,0,--,--,--
LavaPiranha,23,0,1,0,0,0,0,0,0,80,0,0,0,3,0,3,0,3,0,3,0,3,0,3,0,3,0,3,0,3,0,3,0,99,0,0,--,--,--,--,--,0,--,--,--
LavaPiranha,23,0,1,0,0,0,0,0,0,80,0,--,--,--,--,--,--,--,--,--,--,--,--,--,--,--,--,--,--,--,--,--,0,99,0,0,--,--,--,--,--,0,--,--,--
LavaPiranha,23,0,1,0,0,0,0,0,0,80,0,--,--,--,--,--,--,--,--,--,--,--,--,--,--,--,--,--,--,--,--,--,0,99,-2,-2,--,--,--,--,--,0,--,--,--
LavaPiranha,23,0,1,0,0,0,0,0,0,80,0,--,--,--,--,--,--,--,--,--,--,--,--,--,--,--,--,--,--,--,--,--,0,99,0,0,--,--,--,--,--,0,--,--,--
LavaPiranha,23,0,1,0,0,0,0,0,0,80,0,--,--,--,--,--,--,--,--,--,--,--,--,--,--,--,--,--,--,--,--,--,0,99,-2,-2,--,--,--,--,--,0,--,--,--
PetitPiranha,23,0,1,0,0,0,0,0,0,80,0,0,0,3,100,3,0,3,0,3,100,4,0,3,0,3,100,3,0,3,80,3,0,99,-2,-2,--,--,--,--,--,0,--,--,--
PetitPiranhaBomb,23,0,1,0,0,0,0,0,0,80,0,0,0,3,0,3,0,3,0,3,0,3,0,3,0,3,0,3,0,3,0,3,0,99,-2,-2,--,--,--,--,--,0,--,--,--
AmazyDayzee,24,100,20,5,90,100,85,80,95,70,0,0,0,3,10,2,0,3,0,3,10,2,0,3,0,3,10,2,10,3,10,1,1,--,--,--,--,--,--,--,--,--,--,--,--
Bzzap,24,19,3,1,40,70,95,95,95,90,0,0,0,3,60,3,50,3,0,3,100,4,0,3,0,3,90,3,75,3,90,3,0,--,--,--,--,--,--,--,--,--,--,--,--
CrazeeDayzee,24,19,8,2,50,100,85,80,95,75,0,0,0,3,95,3,50,3,0,3,30,3,0,3,50,3,30,4,30,3,30,3,0,--,--,--,--,--,--,--,--,--,--,--,--
FlyingGRNMagikoopa,24,21,11,2,40,40,95,75,95,75,0,0,0,3,50,3,50,3,0,3,75,3,0,3,50,3,75,3,80,3,90,2,0,--,--,--,--,--,--,--,--,--,--,--,--
FlyingGRNMagikoopa,24,21,11,2,40,40,95,75,95,75,0,0,0,3,50,3,50,3,0,3,100,3,0,3,50,3,75,3,80,3,90,2,--,--,--,--,--,--,--,--,--,--,--,--,--
FlyingRMagikoopa,24,21,11,2,40,40,95,75,95,80,0,0,0,3,50,3,50,3,0,3,75,3,0,3,50,3,75,3,80,3,90,2,0,--,--,--,--,--,--,--,--,--,--,--,--
FlyingRMagikoopa,24,21,11,2,40,40,95,75,95,80,0,0,0,3,50,3,50,3,0,3,100,3,0,3,50,3,75,3,80,3,90,2,--,--,--,--,--,--,--,--,--,--,--,--,--
FlyingWMagikoopa,24,21,11,2,40,40,95,75,95,80,0,0,0,3,50,3,50,3,0,3,75,3,0,3,50,3,75,3,80,3,90,2,0,--,--,--,--,--,--,--,--,--,--,--,--
FlyingWMagikoopa,24,21,11,2,40,40,95,75,95,80,0,0,0,3,50,3,50,3,0,3,100,3,0,3,50,3,75,3,80,3,90,2,--,--,--,--,--,--,--,--,--,--,--,--,--
FlyingYMagikoopa,24,21,11,2,40,40,95,75,95,80,0,0,0,3,50,3,50,3,0,3,75,3,0,3,50,3,75,3,80,3,90,2,0,--,--,--,--,--,--,--,--,--,--,--,--
FlyingYMagikoopa,24,21,11,2,40,40,95,75,95,80,0,0,0,3,50,3,50,3,0,3,100,3,0,3,50,3,75,3,80,3,90,2,--,--,--,--,--,--,--,--,--,--,--,--,--
GRNMagikoopa,24,21,11,2,40,40,80,70,95,75,0,0,0,3,50,3,50,3,0,3,75,3,0,3,50,3,75,3,80,3,90,2,0,--,--,--,--,--,--,--,--,--,--,--,--
Lakitu,24,19,5,1,60,60,75,75,95,90,0,0,0,3,50,3,50,3,0,3,100,4,0,3,50,3,50,2,75,3,80,3,0,--,--,--,0,--,--,--,--,--,--,--,--
MediGuy,24,14,7,2,60,70,90,95,95,90,0,0,0,3,70,3,50,3,0,3,90,4,100,3,50,3,90,4,75,3,90,3,0,--,--,--,--,--,--,--,--,--,0,--,--
RMagikoopa,24,21,11,2,40,40,80,70,95,80,0,0,0,3,50,3,50,3,0,3,75,3,0,3,50,3,75,3,80,3,90,2,0,--,--,--,--,--,--,--,--,--,--,--,--
RuffPuff,24,19,10,2,50,40,90,90,95,80,0,0,0,3,50,3,90,3,0,3,100,3,0,3,70,3,40,3,75,3,80,2,0,--,--,--,0,--,--,--,--,--,--,--,--
Spiny,24,19,5,1,60,60,75,75,95,90,0,0,0,3,60,3,50,3,0,3,75,3,0,3,50,3,75,3,75,3,90,3,3,--,--,--,--,--,--,--,--,--,--,--,--
Spiny,24,19,5,1,60,60,75,75,95,90,0,--,--,--,--,--,--,--,--,--,--,--,--,--,--,--,--,--,--,--,--,--,0,--,--,--,--,--,--,--,--,--,--,--,--
WMagikoopa,24,21,11,2,40,40,80,70,95,80,0,0,0,3,50,3,50,3,0,3,75,3,0,3,50,3,75,3,80,3,90,2,0,--,--,--,--,--,--,--,--,--,--,--,--
YMagikoopa,24,21,11,2,40,40,80,70,95,80,0,0,0,3,50,3,50,3,0,3,75,3,0,3,50,3,75,3,80,3,90,2,0,--,--,--,--,--,--,--,--,--,--,--,--
EmptyMoleHole,25,9,5,2,80,80,0,80,90,90,4,--,--,--,--,--,--,--,--,--,--,--,--,--,--,--,--,--,--,--,--,--,--,--,--,--,--,--,--,--,--,--,--,--,--
HuffNPuff,25,0,1,0,0,0,0,0,0,90,0,0,0,3,0,3,0,3,0,3,0,3,0,3,0,3,0,3,0,3,0,3,0,--,--,--,0,--,0,0,--,--,99,--,--
HuffNPuff,25,0,1,0,0,0,0,0,0,90,0,0,0,3,0,3,0,3,0,3,0,3,0,3,0,3,0,3,0,3,0,3,0,--,--,--,0,--,0,0,--,--,99,--,--
MontyMole,25,9,5,2,80,80,0,80,90,90,4,0,0,3,60,3,80,3,0,3,90,2,0,3,10,3,90,4,75,3,90,3,0,--,--,--,--,--,--,0,--,--,--,--,-3
Spike,25,40,50,0,0,0,0,0,0,75,0,0,0,3,40,2,50,3,0,3,50,3,0,3,50,3,40,2,50,2,50,2,0,--,--,--,--,--,--,--,--,--,--,--,--
TuffPuff,25,0,1,0,0,0,0,0,0,90,0,0,0,3,0,3,0,3,0,3,0,3,0,3,0,3,0,3,0,3,0,3,0,--,--,--,0,--,0,0,--,--,99,--,--
BuzzyBeetle,26,10,3,1,60,75,75,75,95,90,0,0,0,3,90,3,50,3,0,3,75,3,0,3,50,3,75,3,90,3,90,3,2,99,--,--,--,--,--,--,--,99,--,--,--
BuzzyBeetle,26,10,3,1,60,75,75,75,95,90,0,--,--,--,--,--,--,--,--,--,--,--,--,--,--,--,--,--,--,--,--,--,0,--,--,--,--,--,--,--,--,--,--,--,--
DarkKoopa,26,18,8,2,60,70,85,75,95,90,0,0,0,3,80,3,60,3,100,3,50,2,0,3,80,3,90,4,75,3,90,3,2,--,2,--,--,--,2,2,--,2,--,--,--
DarkKoopa,26,18,8,2,60,70,85,75,95,90,0,--,--,--,--,--,--,--,--,--,--,--,--,--,--,--,--,--,--,--,--,--,0,--,--,--,--,--,--,--,--,--,--,--,--
DarkParatroopa,26,18,8,2,50,70,90,80,95,85,0,0,0,3,80,3,60,3,100,3,50,2,0,3,80,3,90,4,75,3,90,3,2,--,2,--,--,--,2,2,--,2,--,--,--
DarkParatroopa,26,18,8,2,50,70,90,80,95,85,0,0,0,3,80,3,60,3,100,3,90,3,0,3,80,3,90,4,75,3,90,3,2,--,--,--,--,--,--,--,--,--,--,--,--
DarkParatroopa,26,18,8,2,50,70,90,80,95,85,0,--,--,--,--,--,--,--,--,--,--,--,--,--,--,--,--,--,--,--,--,--,0,--,--,--,--,--,--,--,--,--,--,--,--
Gloomba,26,11,7,1,70,80,90,85,95,100,0,0,0,3,70,3,100,3,100,3,80,3,100,3,100,3,90,3,80,3,90,3,0,--,--,--,--,--,--,--,--,--,--,--,--
Paragloomba,26,11,7,1,65,80,95,90,95,100,0,0,0,3,70,3,100,3,100,3,80,3,100,3,100,3,90,3,80,3,90,3,0,--,--,--,--,--,--,--,--,--,--,--,--
Paragloomba,26,11,7,1,65,80,95,90,95,100,0,0,0,3,70,3,80,3,100,3,90,4,80,3,80,3,90,3,80,3,90,3,0,--,--,--,--,--,--,--,--,--,--,--,--
SpikedGloomba,26,12,7,1,65,75,90,85,95,100,0,0,0,3,70,3,80,3,100,3,80,3,80,3,80,3,90,3,80,3,90,3,0,--,--,--,--,--,--,--,--,--,--,--,--
SpikeTop,26,17,4,1,60,60,70,65,95,90,0,0,0,3,60,2,50,3,0,3,75,4,0,3,50,3,75,3,75,3,90,3,4,99,--,--,--,--,--,--,--,99,--,--,--
SpikeTop,26,17,4,1,60,60,70,65,95,90,0,--,--,--,--,--,--,--,--,--,--,--,--,--,--,--,--,--,--,--,--,--,0,--,--,--,--,--,--,--,--,--,--,--,--
Spiny,26,19,5,1,60,60,75,75,95,90,0,0,0,3,60,3,50,3,0,3,75,3,0,3,50,3,75,3,75,3,90,3,3,--,--,--,--,--,--,--,--,--,--,--,--
Spiny,26,19,5,1,60,60,75,75,95,90,0,--,--,--,--,--,--,--,--,--,--,--,--,--,--,--,--,--,--,--,--,--,0,--,--,--,--,--,--,--,--,--,--,--,--
Blooper,27,44,30,0,0,0,0,0,0,90,4,0,0,3,70,3,0,3,0,3,80,4,0,3,0,3,90,2,90,2,100,3,0,--,--,--,--,--,--,--,--,--,--,--,--
BlooperBaby,27,0,6,0,0,0,0,0,0,95,0,0,0,3,100,2,0,3,0,3,100,3,0,3,0,3,100,2,0,2,100,1,0,--,--,--,--,--,--,--,--,--,--,--,--
ElectroBlooper,27,50,50,0,0,0,0,0,0,85,4,0,0,3,50,2,0,3,0,3,60,3,0,3,0,3,50,2,80,2,80,2,0,--,--,--,--,--,--,--,--,--,--,--,--
ElectroBlooper,27,50,50,0,0,0,0,0,0,85,4,0,0,3,25,2,0,3,0,3,30,3,0,3,0,3,0,2,70,2,0,2,--,--,--,--,--,--,--,--,--,--,--,--,--
SuperBlooper,27,0,6,0,0,0,0,0,0,95,0,0,0,3,40,2,0,3,0,3,60,3,0,3,0,3,50,2,70,2,60,1,0,--,--,--,--,--,--,--,--,--,--,--,--
SuperBlooper,27,0,6,0,0,0,0,0,0,95,0,0,0,3,0,2,0,3,0,3,0,3,0,3,0,3,0,2,0,2,0,1,0,--,--,--,--,--,--,--,--,--,--,--,--
SuperBlooper,27,0,6,0,0,0,0,0,0,95,0,0,0,3,100,2,0,3,0,3,100,3,0,3,0,3,100,2,0,2,100,1,--,--,--,--,--,--,--,--,--,--,--,--,--
Swooper,28,10,4,1,50,90,100,95,95,80,0,0,0,3,80,3,60,3,0,3,100,4,0,3,80,3,90,4,90,3,90,3,0,--,--,--,--,--,--,--,--,--,--,--,--
Swoopula,28,22,8,1,30,70,95,95,95,80,0,0,0,3,60,3,60,3,0,3,100,4,0,3,80,3,80,3,75,3,85,3,0,--,--,--,--,--,--,--,--,--,--,--,--
Duplighost,29,23,15,2,50,50,80,70,95,90,0,0,0,3,60,2,0,3,0,3,75,2,0,3,75,3,75,4,75,3,80,2,0,--,--,--,--,--,--,--,--,--,--,--,--
Duplighost,29,23,15,2,50,50,80,70,95,90,0,0,0,3,60,2,0,3,0,3,75,2,0,3,0,3,75,3,75,3,80,2,0,--,--,--,--,--,--,--,--,--,--,--,--
Duplighost,29,23,15,2,50,50,80,70,95,90,0,0,0,3,60,2,0,3,0,3,75,2,0,3,0,3,75,3,75,3,80,2,1,--,--,--,--,--,--,--,--,--,--,--,--
Duplighost,29,23,15,2,50,50,80,70,95,90,0,0,0,3,60,2,0,3,0,3,75,2,0,3,0,3,75,3,75,3,80,2,0,--,--,--,--,--,--,--,--,--,--,--,--
Duplighost,29,23,15,2,50,50,80,70,95,90,0,0,0,3,60,2,0,3,0,3,75,2,0,3,0,3,75,3,75,3,80,2,0,--,--,--,--,--,--,--,--,--,--,--,--
Duplighost,29,23,15,2,50,50,80,70,95,90,0,0,0,3,60,2,0,3,0,3,75,2,0,3,0,3,75,3,75,3,80,2,1,--,--,--,--,--,--,--,--,--,--,--,--
Duplighost,29,23,15,2,50,50,80,70,95,90,0,0,0,3,60,2,0,3,0,3,75,2,0,3,0,3,75,3,75,3,80,2,0,--,--,--,--,--,--,--,--,--,--,--,--
Duplighost,29,23,15,2,50,50,80,70,95,90,0,0,0,3,60,2,0,3,0,3,75,2,0,3,0,3,75,3,75,3,80,2,0,--,--,--,--,--,--,--,--,--,99,--,--
Duplighost,29,23,15,2,50,50,80,70,95,90,0,0,0,3,60,2,0,3,0,3,75,2,0,3,0,3,75,3,75,3,80,2,0,--,--,--,--,--,--,--,--,--,--,--,--
Duplighost,29,23,15,2,50,50,80,70,95,90,0,--,--,--,--,--,--,--,--,--,--,--,--,--,--,--,--,--,--,--,--,--,0,--,--,--,--,--,--,--,--,--,--,--,--
FlyingGRYMagikoopa,29,21,11,2,40,40,95,75,95,75,0,0,0,3,50,3,50,3,0,3,75,3,0,3,50,3,75,3,80,3,90,2,0,--,--,--,--,--,--,--,--,--,--,--,--
FlyingGRYMagikoopa,29,21,11,2,40,40,95,75,95,75,0,0,0,3,50,3,50,3,0,3,100,3,0,3,50,3,75,3,80,3,90,2,--,--,--,--,--,--,--,--,--,--,--,--,--
FrostPiranha,29,22,10,1,70,20,20,20,95,90,0,0,0,3,95,4,0,3,0,3,50,3,0,3,0,3,90,3,75,3,85,3,0,-2,--,99,--,--,--,--,--,--,--,--,--
GhostBombette,29,23,15,2,50,50,80,70,95,90,0,0,0,3,60,2,0,3,0,3,75,2,0,3,0,3,75,3,75,3,80,2,0,--,--,--,--,--,--,--,--,--,--,--,--
GhostBow,29,23,15,2,50,50,80,70,95,90,0,0,0,3,60,2,0,3,0,3,75,2,0,3,0,3,75,3,75,3,80,2,0,--,--,--,--,--,--,--,--,--,--,--,--
GhostGoombario,29,23,15,2,50,50,80,70,95,90,0,0,0,3,60,2,0,3,0,3,75,2,0,3,0,3,75,3,75,3,80,2,0,--,--,--,--,--,--,--,--,--,--,--,--
GhostKooper,29,23,15,2,50,50,80,70,95,90,0,0,0,3,60,2,0,3,0,3,75,2,0,3,0,3,75,3,75,3,80,2,1,--,--,--,--,--,--,--,--,--,--,--,--
GhostKooper,29,23,15,2,50,50,80,70,95,90,0,--,--,--,--,--,--,--,--,--,--,--,--,--,--,--,--,--,--,--,--,--,0,--,--,--,--,--,--,--,--,--,--,--,--
GhostLakilester,29,23,15,2,50,50,80,70,95,90,0,0,0,3,60,2,0,3,0,3,75,2,0,3,0,3,75,3,75,3,80,2,0,--,--,--,--,--,--,--,--,--,--,--,--
GhostParakarry,29,23,15,2,50,50,80,70,95,90,0,0,0,3,60,2,0,3,0,3,75,2,0,3,0,3,75,3,75,3,80,2,1,--,--,--,--,--,--,--,--,--,--,--,--
GhostSushie,29,23,15,2,50,50,80,70,95,90,0,0,0,3,60,2,0,3,0,3,75,2,0,3,0,3,75,3,75,3,80,2,0,--,--,--,--,--,--,--,--,--,--,--,--
GhostWatt,29,23,15,2,50,50,80,70,95,90,0,0,0,3,60,2,0,3,0,3,75,2,0,3,0,3,75,3,75,3,80,2,0,--,--,--,--,--,--,--,--,--,99,--,--
GRYMagikoopa,29,21,11,2,40,40,80,70,95,75,0,0,0,3,50,3,50,3,0,3,75,3,0,3,50,3,75,3,80,3,90,2,0,--,--,--,--,--,--,--,--,--,--,--,--
Gulpit,29,22,12,1,60,70,50,50,95,100,0,0,0,3,60,3,80,3,0,3,90,3,0,3,10,3,80,4,75,3,85,3,0,--,--,--,--,--,--,--,--,--,--,--,--
GulpitRocks,29,0,1,0,0,0,100,0,95,100,0,0,0,3,0,3,0,3,0,3,0,3,0,3,0,3,0,3,0,3,0,3,0,--,--,--,--,--,--,--,--,--,--,--,--
WhiteClubba,29,23,12,2,50,50,50,60,95,80,0,0,0,3,80,4,50,3,0,3,75,3,100,3,50,3,75,4,75,3,80,2,0,-2,--,99,--,--,--,--,--,--,--,--,--
FlyingGRYMagikoopa,30,21,11,2,40,40,95,75,95,75,0,0,0,3,50,3,50,3,0,3,75,3,0,3,50,3,75,3,80,3,90,2,0,--,--,--,--,--,--,--,--,--,--,--,--
FlyingGRYMagikoopa,30,21,11,2,40,40,95,75,95,75,0,0,0,3,50,3,50,3,0,3,100,3,0,3,50,3,75,3,80,3,90,2,--,--,--,--,--,--,--,--,--,--,--,--,--
GRYMagikoopa,30,21,11,2,40,40,80,70,95,75,0,0,0,3,50,3,50,3,0,3,75,3,0,3,50,3,75,3,80,3,90,2,0,--,--,--,--,--,--,--,--,--,--,--,--
Monstar,30,45,20,0,0,0,0,0,0,90,4,0,0,3,0,3,0,3,0,3,0,3,0,3,0,3,0,3,0,3,0,3,0,--,--,--,--,--,--,--,99,--,--,--,--
Paragoomba,30,6,2,1,90,100,100,100,95,100,0,0,0,3,100,3,100,3,100,3,100,3,100,3,100,3,100,3,100,3,100,3,0,--,--,--,--,--,--,--,--,--,--,--,--
Paragoomba,30,6,2,1,90,100,100,100,95,100,0,0,0,3,100,3,80,3,100,3,100,4,80,3,80,3,100,3,100,3,100,3,0,--,--,--,--,--,--,--,--,--,--,--,--
AlbinoDino,31,23,8,1,40,25,15,10,95,100,0,0,0,3,0,2,0,3,0,3,0,2,0,3,0,3,0,3,75,3,0,3,4,99,--,--,--,--,--,--,--,--,--,--,--
FlyingGRNMagikoopa,31,21,11,2,40,40,95,75,95,75,0,0,0,3,50,3,50,3,0,3,75,3,0,3,50,3,75,3,80,3,90,2,0,--,--,--,--,--,--,--,--,--,--,--,--
FlyingGRNMagikoopa,31,21,11,2,40,40,95,75,95,75,0,0,0,3,50,3,50,3,0,3,100,3,0,3,50,3,75,3,80,3,90,2,--,--,--,--,--,--,--,--,--,--,--,--,--
FlyingGRYMagikoopa,31,21,11,2,40,40,95,75,95,75,0,0,0,3,50,3,50,3,0,3,75,3,0,3,50,3,75,3,80,3,90,2,0,--,--,--,--,--,--,--,--,--,--,--,--
FlyingGRYMagikoopa,31,21,11,2,40,40,95,75,95,75,0,0,0,3,50,3,50,3,0,3,100,3,0,3,50,3,75,3,80,3,90,2,--,--,--,--,--,--,--,--,--,--,--,--,--
FlyingRMagikoopa,31,21,11,2,40,40,95,75,95,80,0,0,0,3,50,3,50,3,0,3,75,3,0,3,50,3,75,3,80,3,90,2,0,--,--,--,--,--,--,--,--,--,--,--,--
FlyingRMagikoopa,31,21,11,2,40,40,95,75,95,80,0,0,0,3,50,3,50,3,0,3,100,3,0,3,50,3,75,3,80,3,90,2,--,--,--,--,--,--,--,--,--,--,--,--,--
FlyingWMagikoopa,31,21,11,2,40,40,95,75,95,80,0,0,0,3,50,3,50,3,0,3,75,3,0,3,50,3,75,3,80,3,90,2,0,--,--,--,--,--,--,--,--,--,--,--,--
FlyingWMagikoopa,31,21,11,2,40,40,95,75,95,80,0,0,0,3,50,3,50,3,0,3,100,3,0,3,50,3,75,3,80,3,90,2,--,--,--,--,--,--,--,--,--,--,--,--,--
FlyingYMagikoopa,31,21,11,2,40,40,95,75,95,80,0,0,0,3,50,3,50,3,0,3,75,3,0,3,50,3,75,3,80,3,90,2,0,--,--,--,--,--,--,--,--,--,--,--,--
FlyingYMagikoopa,31,21,11,2,40,40,95,75,95,80,0,0,0,3,50,3,50,3,0,3,100,3,0,3,50,3,75,3,80,3,90,2,--,--,--,--,--,--,--,--,--,--,--,--,--
GRNMagikoopa,31,21,11,2,40,40,80,70,95,75,0,0,0,3,50,3,50,3,0,3,75,3,0,3,50,3,75,3,80,3,90,2,0,--,--,--,--,--,--,--,--,--,--,--,--
GRYMagikoopa,31,21,11,2,40,40,80,70,95,75,0,0,0,3,50,3,50,3,0,3,75,3,0,3,50,3,75,3,80,3,90,2,0,--,--,--,--,--,--,--,--,--,--,--,--
RMagikoopa,31,21,11,2,40,40,80,70,95,80,0,0,0,3,50,3,50,3,0,3,75,3,0,3,50,3,75,3,80,3,90,2,0,--,--,--,--,--,--,--,--,--,--,--,--
Swoopula,31,22,8,1,30,70,95,95,95,80,0,0,0,3,60,3,60,3,0,3,100,4,0,3,80,3,80,3,75,3,85,3,0,--,--,--,--,--,--,--,--,--,--,--,--
WhiteClubba,31,23,12,2,50,50,50,60,95,80,0,0,0,3,80,4,50,3,0,3,75,3,100,3,50,3,75,4,75,3,80,2,0,-2,--,99,--,--,--,--,--,--,--,--,--
WMagikoopa,31,21,11,2,40,40,80,70,95,80,0,0,0,3,50,3,50,3,0,3,75,3,0,3,50,3,75,3,80,3,90,2,0,--,--,--,--,--,--,--,--,--,--,--,--
YMagikoopa,31,21,11,2,40,40,80,70,95,80,0,0,0,3,50,3,50,3,0,3,75,3,0,3,50,3,75,3,80,3,90,2,0,--,--,--,--,--,--,--,--,--,--,--,--
CrystalBitA,32,0,1,0,0,0,0,0,0,90,0,0,0,3,0,3,0,3,0,3,0,3,0,3,0,3,0,3,0,3,0,3,0,0,--,99,--,--,--,--,--,--,--,--,--
CrystalBitB,32,0,1,0,0,0,0,0,0,90,0,0,0,3,0,3,0,3,0,3,0,3,0,3,0,3,0,3,0,3,0,3,0,0,--,99,--,--,--,--,--,--,--,--,--
CrystalBitC,32,0,1,0,0,0,0,0,0,90,0,0,0,3,0,3,0,3,0,3,0,3,0,3,0,3,0,3,0,3,0,3,0,0,--,99,--,--,--,--,--,--,--,--,--
CrystalClone,32,0,70,0,0,0,0,0,0,0,4,0,0,3,30,2,0,3,0,3,40,2,0,3,0,3,40,2,0,2,50,1,--,--,--,--,--,--,--,--,--,--,--,--,--
CrystalKing,32,85,70,0,0,0,0,0,0,70,0,0,0,3,30,2,0,3,0,3,40,2,0,3,0,3,40,2,0,2,50,1,2,0,--,99,--,--,--,--,--,--,--,--,--
CrystalKing,32,0,1,0,0,0,0,0,0,90,0,0,0,3,30,2,0,3,0,3,40,2,0,3,0,3,40,2,0,2,50,1,--,--,--,--,--,--,--,--,--,--,--,--,--
Duplighost,33,23,15,2,50,50,80,70,95,90,0,0,0,3,60,2,0,3,0,3,75,2,0,3,75,3,75,4,75,3,80,2,0,--,--,--,--,--,--,--,--,--,--,--,--
Duplighost,33,23,15,2,50,50,80,70,95,90,0,0,0,3,60,2,0,3,0,3,75,2,0,3,0,3,75,3,75,3,80,2,0,--,--,--,--,--,--,--,--,--,--,--,--
Duplighost,33,23,15,2,50,50,80,70,95,90,0,0,0,3,60,2,0,3,0,3,75,2,0,3,0,3,75,3,75,3,80,2,1,--,--,--,--,--,--,--,--,--,--,--,--
Duplighost,33,23,15,2,50,50,80,70,95,90,0,0,0,3,60,2,0,3,0,3,75,2,0,3,0,3,75,3,75,3,80,2,0,--,--,--,--,--,--,--,--,--,--,--,--
Duplighost,33,23,15,2,50,50,80,70,95,90,0,0,0,3,60,2,0,3,0,3,75,2,0,3,0,3,75,3,75,3,80,2,0,--,--,--,--,--,--,--,--,--,--,--,--
Duplighost,33,23,15,2,50,50,80,70,95,90,0,0,0,3,60,2,0,3,0,3,75,2,0,3,0,3,75,3,75,3,80,2,1,--,--,--,--,--,--,--,--,--,--,--,--
Duplighost,33,23,15,2,50,50,80,70,95,90,0,0,0,3,60,2,0,3,0,3,75,2,0,3,0,3,75,3,75,3,80,2,0,--,--,--,--,--,--,--,--,--,--,--,--
Duplighost,33,23,15,2,50,50,80,70,95,90,0,0,0,3,60,2,0,3,0,3,75,2,0,3,0,3,75,3,75,3,80,2,0,--,--,--,--,--,--,--,--,--,99,--,--
Duplighost,33,23,15,2,50,50,80,70,95,90,0,0,0,3,60,2,0,3,0,3,75,2,0,3,0,3,75,3,75,3,80,2,0,--,--,--,--,--,--,--,--,--,--,--,--
Duplighost,33,23,15,2,50,50,80,70,95,90,0,--,--,--,--,--,--,--,--,--,--,--,--,--,--,--,--,--,--,--,--,--,0,--,--,--,--,--,--,--,--,--,--,--,--
FlyingGRYMagikoopa,33,21,11,2,40,40,95,75,95,75,0,0,0,3,50,3,50,3,0,3,75,3,0,3,50,3,75,3,80,3,90,2,0,--,--,--,--,--,--,--,--,--,--,--,--
FlyingGRYMagikoopa,33,21,11,2,40,40,95,75,95,75,0,0,0,3,50,3,50,3,0,3,100,3,0,3,50,3,75,3,80,3,90,2,--,--,--,--,--,--,--,--,--,--,--,--,--
FlyingRMagikoopa,33,21,11,2,40,40,95,75,95,80,0,0,0,3,50,3,50,3,0,3,75,3,0,3,50,3,75,3,80,3,90,2,0,--,--,--,--,--,--,--,--,--,--,--,--
FlyingRMagikoopa,33,21,11,2,40,40,95,75,95,80,0,0,0,3,50,3,50,3,0,3,100,3,0,3,50,3,75,3,80,3,90,2,--,--,--,--,--,--,--,--,--,--,--,--,--
GhostBombette,33,23,15,2,50,50,80,70,95,90,0,0,0,3,60,2,0,3,0,3,75,2,0,3,0,3,75,3,75,3,80,2,0,--,--,--,--,--,--,--,--,--,--,--,--
GhostBow,33,23,15,2,50,50,80,70,95,90,0,0,0,3,60,2,0,3,0,3,75,2,0,3,0,3,75,3,75,3,80,2,0,--,--,--,--,--,--,--,--,--,--,--,--
GhostGoombario,33,23,15,2,50,50,80,70,95,90,0,0,0,3,60,2,0,3,0,3,75,2,0,3,0,3,75,3,75,3,80,2,0,--,--,--,--,--,--,--,--,--,--,--,--
GhostKooper,33,23,15,2,50,50,80,70,95,90,0,0,0,3,60,2,0,3,0,3,75,2,0,3,0,3,75,3,75,3,80,2,1,--,--,--,--,--,--,--,--,--,--,--,--
GhostKooper,33,23,15,2,50,50,80,70,95,90,0,--,--,--,--,--,--,--,--,--,--,--,--,--,--,--,--,--,--,--,--,--,0,--,--,--,--,--,--,--,--,--,--,--,--
GhostLakilester,33,23,15,2,50,50,80,70,95,90,0,0,0,3,60,2,0,3,0,3,75,2,0,3,0,3,75,3,75,3,80,2,0,--,--,--,--,--,--,--,--,--,--,--,--
GhostParakarry,33,23,15,2,50,50,80,70,95,90,0,0,0,3,60,2,0,3,0,3,75,2,0,3,0,3,75,3,75,3,80,2,1,--,--,--,--,--,--,--,--,--,--,--,--
GhostSushie,33,23,15,2,50,50,80,70,95,90,0,0,0,3,60,2,0,3,0,3,75,2,0,3,0,3,75,3,75,3,80,2,0,--,--,--,--,--,--,--,--,--,--,--,--
GhostWatt,33,23,15,2,50,50,80,70,95,90,0,0,0,3,60,2,0,3,0,3,75,2,0,3,0,3,75,3,75,3,80,2,0,--,--,--,--,--,--,--,--,--,99,--,--
GRYMagikoopa,33,21,11,2,40,40,80,70,95,75,0,0,0,3,50,3,50,3,0,3,75,3,0,3,50,3,75,3,80,3,90,2,0,--,--,--,--,--,--,--,--,--,--,--,--
RMagikoopa,33,21,11,2,40,40,80,70,95,80,0,0,0,3,50,3,50,3,0,3,75,3,0,3,50,3,75,3,80,3,90,2,0,--,--,--,--,--,--,--,--,--,--,--,--
Swoopula,33,22,8,1,30,70,95,95,95,80,0,0,0,3,60,3,60,3,0,3,100,4,0,3,80,3,80,3,75,3,85,3,0,--,--,--,--,--,--,--,--,--,--,--,--
WhiteClubba,33,23,12,2,50,50,50,60,95,80,0,0,0,3,80,4,50,3,0,3,75,3,100,3,50,3,75,4,75,3,80,2,0,-2,--,99,--,--,--,--,--,--,--,--,--
BonyBeetle,34,25,8,1,50,60,70,60,95,90,0,0,0,3,60,2,50,3,0,3,75,3,0,3,50,3,75,2,75,3,85,2,4,--,--,--,--,--,--,--,--,--,--,--,--
BonyBeetle,34,25,8,1,50,60,70,60,95,90,0,--,--,--,--,--,--,--,--,--,--,--,--,--,--,--,--,--,--,--,--,--,0,--,--,--,--,--,--,--,--,--,--,--,--
DryBones,34,30,8,1,50,10,75,70,95,95,0,0,0,3,0,3,0,3,0,3,0,3,0,3,0,3,50,3,60,3,85,2,2,-10,--,--,--,--,--,--,--,-10,--,--,--
DryBones,34,30,8,1,50,10,75,70,95,95,0,0,0,3,0,3,0,3,0,3,0,3,0,3,0,3,0,3,0,3,0,3,99,-10,--,--,--,--,--,--,--,-10,--,--,--
Ember,34,24,10,2,60,50,80,75,95,80,0,0,0,3,0,3,50,3,0,3,100,4,0,3,50,3,0,3,90,3,85,3,0,99,-2,-2,--,--,--,--,--,--,--,--,--
FlyingMagiclone,34,26,11,2,40,0,0,0,0,75,0,0,0,3,0,3,0,3,0,3,0,3,0,3,0,3,0,3,0,3,0,3,0,--,--,--,--,--,--,--,--,--,--,--,--
FlyingMagikoopa,34,26,11,2,40,0,0,0,0,75,0,0,0,3,40,2,50,3,0,3,75,2,0,3,50,3,75,2,60,2,80,1,0,--,--,--,--,--,--,--,--,--,--,--,--
FlyingMagikoopa,34,26,11,2,40,0,0,0,0,75,0,0,0,3,40,2,50,3,0,3,100,2,0,3,50,3,75,2,60,2,80,1,0,--,--,--,--,--,--,--,--,--,--,--,--
FlyingMagikoopa,34,26,11,2,40,0,0,0,0,75,0,0,0,3,0,3,0,3,0,3,0,3,0,3,0,3,0,3,0,3,0,3,0,--,--,--,--,--,--,--,--,--,--,--,--
FlyingMagikoopa,34,26,11,2,40,0,0,0,0,75,0,0,0,3,0,3,0,3,0,3,0,3,0,3,0,3,0,3,0,3,0,3,--,--,--,--,--,--,--,--,--,--,--,--,--
HammerBros,34,27,12,2,30,40,75,60,95,80,0,0,0,3,50,2,60,3,0,3,70,2,0,3,80,3,70,3,70,3,80,1,1,--,--,--,--,--,--,--,--,--,--,--,--
Koopatrol,34,25,8,2,50,60,75,65,95,85,0,0,0,3,50,2,60,3,0,3,75,3,0,3,80,3,75,3,70,3,80,2,3,--,--,--,--,--,--,--,--,--,3,--,--
Koopatrol,34,25,8,2,50,60,75,65,95,85,0,0,0,3,0,3,0,3,--,--,0,3,0,3,0,3,0,3,0,3,0,3,0,--,--,--,--,--,--,--,--,--,--,--,--
Koopatrol,34,25,8,2,50,60,75,65,95,85,0,--,--,--,--,--,--,--,--,--,--,--,--,--,--,--,--,--,--,--,--,--,3,3,--,--,--,--,--,--,--,--,--,--,--
Magiclone,34,26,11,0,40,0,0,0,0,75,0,0,0,3,0,3,0,3,0,3,0,3,0,3,0,3,0,3,0,3,0,3,0,--,--,--,--,--,--,--,--,--,--,--,--
Magikoopa,34,26,11,2,40,0,0,0,0,75,0,0,0,3,40,2,50,3,0,3,75,2,0,3,50,3,75,2,60,2,80,1,0,--,--,--,--,--,--,--,--,--,--,--,--
Magikoopa,34,26,11,2,40,0,0,0,0,75,0,0,0,3,0,3,0,3,0,3,0,3,0,3,0,3,0,3,0,3,0,3,0,--,--,--,--,--,--,--,--,--,--,--,--
Magikoopa,34,26,11,2,40,0,0,0,0,75,0,0,0,3,0,3,0,3,0,3,0,3,0,3,0,3,0,3,0,3,0,3,0,--,--,--,--,--,--,--,--,--,--,--,--
Bowser1,35,100,50,0,0,0,0,0,0,65,4,0,0,3,30,2,0,3,0,3,30,2,0,3,0,3,30,2,50,2,30,1,1,--,--,--,--,--,--,--,--,--,--,--,--
Bowser1,35,100,50,0,0,0,0,0,0,65,4,0,0,3,0,2,0,3,0,3,0,2,0,3,0,3,0,2,0,2,0,1,4,--,--,--,--,--,--,--,--,--,--,--,--
Bowser2,35,0,99,0,0,0,0,0,0,50,4,0,0,3,0,2,0,3,0,3,0,2,0,3,0,3,0,2,0,2,0,1,2,--,--,--,--,--,--,--,--,--,--,--,--
Bowser2,35,0,99,0,0,0,0,0,0,50,4,0,0,3,0,2,0,3,0,3,0,2,0,3,0,3,0,2,0,2,0,1,99,--,--,--,--,--,--,--,--,--,--,--,--
Bowser3,35,0,99,0,0,0,0,0,0,60,4,0,0,3,0,2,0,3,0,3,0,2,0,3,0,3,0,2,0,2,0,1,2,--,--,--,--,--,--,--,--,--,--,--,--
Bowser3,35,0,99,0,0,0,0,0,0,60,4,0,0,3,0,2,0,3,0,3,0,2,0,3,0,3,0,2,0,2,0,1,99,--,--,--,--,--,--,--,--,--,--,--,--
IntroBowser,35,0,10,0,0,0,0,0,0,80,4,0,0,3,0,3,0,3,0,3,0,3,0,3,0,3,0,3,0,3,0,3,0,--,--,--,--,--,--,--,--,--,--,--,--
IntroBowser,35,0,10,0,0,0,0,0,0,80,4,0,0,3,0,3,0,3,0,3,0,3,0,3,0,3,0,3,0,3,0,3,1,--,--,--,--,--,--,--,--,--,--,--,--
UnusedBowser,35,100,50,0,0,0,0,0,0,65,4,0,0,3,30,2,0,3,0,3,30,2,0,3,0,3,30,2,50,2,30,1,1,--,--,--,--,--,--,--,--,--,--,--,--
AntiGuy,36,42,50,0,0,0,0,0,0,75,0,0,0,3,50,2,0,3,0,3,50,2,0,3,0,3,50,3,50,2,50,1,0,--,--,--,--,--,--,--,--,--,--,--,--
Duplighost,36,23,15,2,50,50,80,70,95,90,0,0,0,3,60,2,0,3,0,3,75,2,0,3,75,3,75,4,75,3,80,2,0,--,--,--,--,--,--,--,--,--,--,--,--
Duplighost,36,23,15,2,50,50,80,70,95,90,0,0,0,3,60,2,0,3,0,3,75,2,0,3,0,3,75,3,75,3,80,2,0,--,--,--,--,--,--,--,--,--,--,--,--
Duplighost,36,23,15,2,50,50,80,70,95,90,0,0,0,3,60,2,0,3,0,3,75,2,0,3,0,3,75,3,75,3,80,2,1,--,--,--,--,--,--,--,--,--,--,--,--
Duplighost,36,23,15,2,50,50,80,70,95,90,0,0,0,3,60,2,0,3,0,3,75,2,0,3,0,3,75,3,75,3,80,2,0,--,--,--,--,--,--,--,--,--,--,--,--
Duplighost,36,23,15,2,50,50,80,70,95,90,0,0,0,3,60,2,0,3,0,3,75,2,0,3,0,3,75,3,75,3,80,2,0,--,--,--,--,--,--,--,--,--,--,--,--
Duplighost,36,23,15,2,50,50,80,70,95,90,0,0,0,3,60,2,0,3,0,3,75,2,0,3,0,3,75,3,75,3,80,2,1,--,--,--,--,--,--,--,--,--,--,--,--
Duplighost,36,23,15,2,50,50,80,70,95,90,0,0,0,3,60,2,0,3,0,3,75,2,0,3,0,3,75,3,75,3,80,2,0,--,--,--,--,--,--,--,--,--,--,--,--
Duplighost,36,23,15,2,50,50,80,70,95,90,0,0,0,3,60,2,0,3,0,3,75,2,0,3,0,3,75,3,75,3,80,2,0,--,--,--,--,--,--,--,--,--,99,--,--
Duplighost,36,23,15,2,50,50,80,70,95,90,0,0,0,3,60,2,0,3,0,3,75,2,0,3,0,3,75,3,75,3,80,2,0,--,--,--,--,--,--,--,--,--,--,--,--
Duplighost,36,23,15,2,50,50,80,70,95,90,0,--,--,--,--,--,--,--,--,--,--,--,--,--,--,--,--,--,--,--,--,--,0,--,--,--,--,--,--,--,--,--,--,--,--
GhostBombette,36,23,15,2,50,50,80,70,95,90,0,0,0,3,60,2,0,3,0,3,75,2,0,3,0,3,75,3,75,3,80,2,0,--,--,--,--,--,--,--,--,--,--,--,--
GhostBow,36,23,15,2,50,50,80,70,95,90,0,0,0,3,60,2,0,3,0,3,75,2,0,3,0,3,75,3,75,3,80,2,0,--,--,--,--,--,--,--,--,--,--,--,--
GhostGoombario,36,23,15,2,50,50,80,70,95,90,0,0,0,3,60,2,0,3,0,3,75,2,0,3,0,3,75,3,75,3,80,2,0,--,--,--,--,--,--,--,--,--,--,--,--
GhostKooper,36,23,15,2,50,50,80,70,95,90,0,0,0,3,60,2,0,3,0,3,75,2,0,3,0,3,75,3,75,3,80,2,1,--,--,--,--,--,--,--,--,--,--,--,--
GhostKooper,36,23,15,2,50,50,80,70,95,90,0,--,--,--,--,--,--,--,--,--,--,--,--,--,--,--,--,--,--,--,--,--,0,--,--,--,--,--,--,--,--,--,--,--,--
GhostLakilester,36,23,15,2,50,50,80,70,95,90,0,0,0,3,60,2,0,3,0,3,75,2,0,3,0,3,75,3,75,3,80,2,0,--,--,--,--,--,--,--,--,--,--,--,--
GhostParakarry,36,23,15,2,50,50,80,70,95,90,0,0,0,3,60,2,0,3,0,3,75,2,0,3,0,3,75,3,75,3,80,2,1,--,--,--,--,--,--,--,--,--,--,--,--
GhostSushie,36,23,15,2,50,50,80,70,95,90,0,0,0,3,60,2,0,3,0,3,75,2,0,3,0,3,75,3,75,3,80,2,0,--,--,--,--,--,--,--,--,--,--,--,--
GhostWatt,36,23,15,2,50,50,80,70,95,90,0,0,0,3,60,2,0,3,0,3,75,2,0,3,0,3,75,3,75,3,80,2,0,--,--,--,--,--,--,--,--,--,99,--,--
BombshellBill,37,24,3,0,40,0,100,95,95,80,0,0,0,3,0,2,0,3,0,3,100,3,0,3,0,3,0,2,100,3,0,1,0,--,--,--,--,--,--,--,--,--,--,--,--
BombshellBlaster,37,24,3,0,40,0,100,95,95,80,0,0,0,3,0,3,0,3,0,3,0,3,0,3,0,3,0,3,50,3,0,2,4,--,--,--,--,--,--,--,--,--,--,--,--
FlyingMagiclone,37,26,11,2,40,0,0,0,0,75,0,0,0,3,0,3,0,3,0,3,0,3,0,3,0,3,0,3,0,3,0,3,0,--,--,--,--,--,--,--,--,--,--,--,--
FlyingMagikoopa,37,26,11,2,40,40,85,75,95,80,0,0,0,3,40,2,50,3,0,3,75,2,0,3,50,3,75,2,60,2,80,1,0,--,--,--,--,--,--,--,--,--,--,--,--
FlyingMagikoopa,37,26,11,2,40,40,85,75,95,80,0,0,0,3,40,2,50,3,0,3,100,2,0,3,50,3,75,2,60,2,80,1,--,--,--,--,--,--,--,--,--,--,--,--,--
Koopatrol,37,25,8,2,50,60,75,65,95,85,0,0,0,3,50,2,60,3,0,3,75,3,0,3,80,3,75,3,70,3,80,2,3,--,--,--,--,--,--,--,--,--,3,--,--
Koopatrol,37,25,8,2,50,60,75,65,95,85,0,0,0,3,0,3,0,3,--,--,0,3,0,3,0,3,0,3,0,3,0,3,0,--,--,--,--,--,--,--,--,--,--,--,--
Koopatrol,37,25,8,2,50,60,75,65,95,85,0,--,--,--,--,--,--,--,--,--,--,--,--,--,--,--,--,--,--,--,--,--,3,3,--,--,--,--,--,--,--,--,--,--,--
Magiclone,37,26,11,0,40,0,0,0,0,75,0,0,0,3,0,3,0,3,0,3,0,3,0,3,0,3,0,3,0,3,0,3,0,--,--,--,--,--,--,--,--,--,--,--,--
Magikoopa,37,26,11,2,40,0,0,0,0,75,0,0,0,3,40,2,50,3,0,3,75,2,0,3,50,3,75,2,60,2,80,1,0,--,--,--,--,--,--,--,--,--,--,--,--
Magikoopa,37,26,11,2,40,0,0,0,0,75,0,0,0,3,0,3,0,3,0,3,0,3,0,3,0,3,0,3,0,3,0,3,0,--,--,--,--,--,--,--,--,--,--,--,--
Magikoopa,37,26,11,2,40,0,0,0,0,75,0,0,0,3,0,3,0,3,0,3,0,3,0,3,0,3,0,3,0,3,0,3,0,--,--,--,--,--,--,--,--,--,--,--,--
KammyKoopa,38,99,10,0,0,0,0,0,0,80,4,0,0,3,0,3,0,3,0,3,0,3,0,3,0,3,0,3,0,3,0,3,0,--,--,--,--,--,--,--,--,--,--,--,--
BanditA,39,9,5,1,40,90,90,90,95,80,0,0,0,3,70,3,20,3,100,3,90,3,50,3,30,3,100,4,90,3,100,3,0,--,--,--,--,--,--,--,--,--,--,--,--
BanditB,39,9,5,1,40,90,90,90,95,80,0,0,0,3,70,3,20,3,100,3,90,3,50,3,30,3,100,4,90,3,100,3,0,--,--,--,--,--,--,--,--,--,--,--,--
EmptyMoleHole,39,9,5,2,80,80,0,80,90,90,4,--,--,--,--,--,--,--,--,--,--,--,--,--,--,--,--,--,--,--,--,--,--,--,--,--,--,--,--,--,--,--,--,--,--
Fuzzy,39,6,3,1,50,95,95,95,95,100,0,0,0,3,95,3,90,3,100,3,90,3,0,3,70,3,75,3,75,3,100,3,0,--,--,--,--,--,--,--,--,--,--,--,--
MontyMole,39,9,5,2,80,80,0,80,90,90,4,0,0,3,90,3,80,3,100,3,90,2,0,3,10,3,100,4,90,3,100,3,0,--,--,--,--,--,--,--,--,--,--,--,--
Pokey,39,9,4,1,70,70,90,85,95,100,0,0,0,3,90,3,0,3,0,3,90,3,0,3,0,3,100,3,90,3,100,3,0,--,--,--,--,--,--,--,--,--,--,--,--
ShyGuy,39,14,7,1,60,80,85,80,95,100,0,0,0,3,70,3,50,3,0,3,90,3,100,3,50,3,90,4,75,3,90,3,0,--,--,--,--,--,--,--,--,--,0,--,--
SlotMachineStart,39,99,99,0,0,0,0,0,0,0,0,0,0,3,0,3,0,3,0,3,0,3,0,3,0,3,0,3,0,3,0,3,0,--,--,--,--,--,--,--,--,--,--,--,--
SlotMachineStop,39,99,99,0,0,0,0,0,0,0,0,0,0,3,0,3,0,3,0,3,0,3,0,3,0,3,0,3,0,3,0,3,0,--,--,--,--,--,--,--,--,--,--,--,--
TubbaBlubba,39,70,10,0,0,0,0,0,0,75,4,0,0,3,80,3,0,3,0,3,80,3,0,3,0,3,80,3,90,3,80,3,0,--,--,--,--,--,--,--,--,--,--,--,--
ShySquad,41,0,15,0,0,0,0,0,0,80,4,0,0,3,0,3,0,3,0,3,0,3,0,3,0,3,0,3,0,3,0,3,0,--,--,--,--,--,--,--,--,--,--,--,--
StiltGuy,42,0,7,0,0,0,0,0,0,80,0,0,0,3,60,3,0,3,0,3,60,3,0,3,0,3,90,3,75,3,60,3,0,--,--,--,--,--,--,--,--,--,--,--,--
StiltGuy,42,0,7,0,0,0,0,0,0,80,0,--,--,--,--,--,--,--,--,--,--,--,--,--,--,--,--,--,--,--,--,--,0,--,--,--,--,--,--,--,--,--,0,--,--
ShyStack,43,0,10,0,0,0,0,0,0,80,0,0,0,3,60,3,0,3,0,3,60,3,0,3,0,3,90,3,75,3,60,3,0,--,--,--,--,--,--,--,--,--,--,--,--
ShyGuy,44,0,8,0,0,0,0,0,0,80,4,0,0,3,0,3,0,3,0,3,0,3,0,3,0,3,0,3,0,3,0,3,0,--,--,--,--,--,--,--,--,--,--,--,--
ShySquad,45,0,15,0,0,0,0,0,0,80,4,0,0,3,0,3,0,3,0,3,0,3,0,3,0,3,0,3,0,3,0,3,0,--,--,--,--,--,--,--,--,--,--,--,--
ShyGuy,46,0,10,0,0,0,0,0,0,80,4,0,0,3,0,3,0,3,0,3,0,3,0,3,0,3,0,3,0,3,0,3,0,--,--,--,--,--,--,--,--,--,--,--,--